<?xml version='1.0' encoding='UTF-8'?>
<dfxml xmloutputversion='1.0'>
  <metadata 
  xmlns='http://afflib.org/tcpflow/' 
  xmlns:xsi='http://www.w3.org/2001/XMLSchema-instance' 
  xmlns:dc='http://purl.org/dc/elements/1.1/'>
    <dc:type>Feature Extraction</dc:type>
  </metadata>
  <creator version='1.0'>
    <program>TCPFLOW</program>
    <version>1.4.5</version>
    <build_environment>
      <compiler>4.8.5 (4.8.5 20150623 (Red Hat 4.8.5-4))</compiler>
      <CPPFLAGS>-pthread -I/usr/local/include -I/usr/local/include -O2 -g -pipe -Wall -Wp,-D_FORTIFY_SOURCE=2 -fexceptions -fstack-protector-strong --param=ssp-buffer-size=4 -grecord-gcc-switches -specs=/usr/lib/rpm/redhat/redhat-hardened-cc1  -m64 -mtune=generic -DUTC_OFFSET=+0000 </CPPFLAGS>
      <CFLAGS>-g   -pthread -O3 -g -pipe -Wall -Wp,-D_FORTIFY_SOURCE=2 -fexceptions -fstack-protector-strong --param=ssp-buffer-size=4 -grecord-gcc-switches -specs=/usr/lib/rpm/redhat/redhat-hardened-cc1  -m64 -mtune=generic -MD -Wpointer-arith -Wmissing-declarations -Wmissing-prototypes -Wshadow -Wwrite-strings -Wcast-align -Waggregate-return -Wbad-function-cast -Wcast-qual -Wundef -Wredundant-decls -Wdisabled-optimization -Wfloat-equal -Wmultichar -Wc++-compat -Wmissing-noreturn -Wall -Wstrict-prototypes -MD -D_FORTIFY_SOURCE=2 -Wpointer-arith -Wmissing-declarations -Wmissing-prototypes -Wshadow -Wwrite-strings -Wcast-align -Waggregate-return -Wbad-function-cast -Wcast-qual -Wundef -Wredundant-decls -Wdisabled-optimization -Wfloat-equal -Wmultichar -Wc++-compat -Wmissing-noreturn -Wall -Wstrict-prototypes</CFLAGS>
      <CXXFLAGS>-g -pthread -O3 -g -pipe -Wall -Wp,-D_FORTIFY_SOURCE=2 -fexceptions -fstack-protector-strong --param=ssp-buffer-size=4 -grecord-gcc-switches -specs=/usr/lib/rpm/redhat/redhat-hardened-cc1  -m64 -mtune=generic -Wall -MD -D_FORTIFY_SOURCE=2 -Wpointer-arith -Wshadow -Wwrite-strings -Wcast-align -Wredundant-decls -Wdisabled-optimization -Wfloat-equal -Wmultichar -Wmissing-noreturn -Woverloaded-virtual -Wsign-promo -funit-at-a-time -Weffc++ -std=c++11 -Wall -MD -D_FORTIFY_SOURCE=2 -Wpointer-arith -Wshadow -Wwrite-strings -Wcast-align -Wredundant-decls -Wdisabled-optimization -Wfloat-equal -Wmultichar -Wmissing-noreturn -Woverloaded-virtual -Wsign-promo -funit-at-a-time -Wstrict-null-sentinel -Weffc++ </CXXFLAGS>
      <LDFLAGS>-L/usr/local/lib -L/usr/local/lib -Wl,-z,relro -specs=/usr/lib/rpm/redhat/redhat-hardened-ld</LDFLAGS>
      <LIBS>-lpcap -lcairo -lfontconfig -lfreetype -lpixman-1 -lexpat  -lssl -lcrypto -lssl -lcrypto -ldl -lz </LIBS>
      <compilation_date>2016-08-25T15:59:44</compilation_date>
      <library name="boost" version="105300"/>
    </build_environment>
    <execution_environment>
      <os_sysname>Linux</os_sysname>
      <os_release>3.10.0-862.9.1.el7.x86_64</os_release>
      <os_version>#1 SMP Mon Jul 16 16:29:36 UTC 2018</os_version>
      <host>LHMG01</host>
      <arch>x86_64</arch>
      <command_line>tcpflow -CDZJ -i eth0 &quot;port 9998&quot;</command_line>
      <uid>0</uid>
      <start_time>2018-09-27T23:39:22Z</start_time>
    </execution_environment>
  </creator>
  <configuration>
  </configuration>
  <tdelta>0</tdelta>
  <configuration>
    <fileobject>
      <filesize>605</filesize>
      <tcpflow startime='2018-09-27T18:39:26.007064Z' endtime='2018-09-27T18:39:29.950881Z' src_ipn='172.20.10.4' dst_ipn='174.55.248.89' mac_daddr='c6:b3:d3:1f:d8:f6' mac_saddr='7e:52:30:16:ae:41' packets='7' srcport='9998' dstport='53629' family='2' />
    </fileobject>
